nombre,perimetro_zona
Raven,"(98.290246,98.290246),(98.290246,108.290246),(108.290246,108.290246),(108.290246,98.290246)"
Ridgeway,"(99.093439,99.093439),(99.093439,109.093439),(109.093439,109.093439),(109.093439,99.093439)"
Transport,"(97.707319,97.707319),(97.707319,107.707319),(107.707319,107.707319),(107.707319,97.707319)"
Heath,"(96.874309,96.874309),(96.874309,106.874309),(106.874309,106.874309),(106.874309,96.874309)"
Forest,"(97.496276,97.496276),(97.496276,107.496276),(107.496276,107.496276),(107.496276,97.496276)"
