nombre,perimetro_zona
'Village Green',"'(98.303114,98.303114),(98.303114,108.303114),(108.303114,108.303114),(108.303114,98.303114)'"
'Dixon',"'(96.168754,96.168754),(96.168754,106.168754),(106.168754,106.168754),(106.168754,96.168754)'"
'Hansons',"'(97.266769,97.266769),(97.266769,107.266769),(107.266769,107.266769),(107.266769,97.266769)'"
'Bartillon',"'(99.142557,99.142557),(99.142557,109.142557),(109.142557,109.142557),(109.142557,99.142557)'"
'Ridgeway',"'(96.291568,96.291568),(96.291568,106.291568),(106.291568,106.291568),(106.291568,96.291568)'"
